{"mean": {"day_of_week": 2.996791443850267, "month": 7.094117647058823, "is_weekend": 0.28556149732620323, "is_holiday": 0.0, "total": 1783.2164064171122}, "std": {"day_of_week": 2.0029395887226165, "month": 3.3630626221165008, "is_weekend": 0.4519231807031547, "is_holiday": 1.0, "total": 2752.07162500692}}