{"mean": {"day_of_week": 2.998931623931624, "month": 7.092948717948718, "is_weekend": 0.2863247863247863, "is_holiday": 0.0, "total": 61.49631410256411}, "std": {"day_of_week": 2.00293873177243, "month": 3.3614539541896735, "is_weekend": 0.4522847019525149, "is_holiday": 1.0, "total": 115.70070172224517}}