{"mean": {"day_of_week": 3.0, "month": 6.527045769764216, "is_weekend": 0.2857142857142857, "is_holiday": 0.0, "total": 0.0}, "std": {"day_of_week": 2.00138840697041, "month": 3.4752543087380268, "is_weekend": 0.45206756062017917, "is_holiday": 1.0, "total": 1.0}}